session_start,start,end,duration_sec,duration_hms,task
2026-06-18 01:14:03,2026-06-18 01:14:03,2026-06-18 01:14:05,2,00:00:02,—
2026-06-18 11:04:55,2026-06-18 11:04:55,2026-06-18 12:39:20,5665,01:34:25,—
2026-06-18 11:04:55,2026-06-18 14:18:17,2026-06-18 14:42:26,1448,00:24:08,—
2026-06-18 11:04:55,2026-06-18 14:50:40,2026-06-18 15:11:28,1248,00:20:48,—
2026-06-18 11:04:55,2026-06-18 15:40:28,2026-06-18 16:01:48,1279,00:21:19,—
2026-06-18 11:04:55,2026-06-18 16:08:47,2026-06-18 17:03:29,3281,00:54:41,—
2026-06-18 11:04:55,2026-06-18 17:15:43,2026-06-18 17:32:32,1009,00:16:49,—
2026-06-18 11:04:55,2026-06-18 20:35:45,2026-06-18 20:35:48,2,00:00:02,—
2026-06-18 11:04:55,2026-06-18 20:36:13,2026-06-18 21:29:45,3211,00:53:31,—
2026-06-18 11:04:55,2026-06-18 21:53:37,2026-06-18 22:14:30,1253,00:20:53,—
2026-06-18 11:04:55,2026-06-18 22:33:42,2026-06-18 22:57:01,1398,00:23:18,—
2026-06-19 13:13:45,2026-06-19 13:13:45,2026-06-19 13:54:24,2438,00:40:38,—
2026-06-19 13:13:45,2026-06-19 14:02:49,2026-06-19 14:08:00,311,00:05:11,—
2026-06-19 13:13:45,2026-06-19 14:08:01,2026-06-19 14:53:03,2701,00:45:01,—
2026-06-19 13:13:45,2026-06-19 14:53:05,2026-06-19 15:04:06,660,00:11:00,—
2026-06-19 13:13:45,2026-06-19 17:14:11,2026-06-19 18:01:59,2866,00:47:46,—
2026-06-19 13:13:45,2026-06-19 18:13:05,2026-06-19 18:32:31,1166,00:19:26,—
2026-06-19 13:13:45,2026-06-19 19:05:15,2026-06-19 19:56:21,3065,00:51:05,—
2026-06-19 13:13:45,2026-06-19 22:09:54,2026-06-19 22:44:32,2077,00:34:37,—
2026-06-19 13:13:45,2026-06-19 22:54:09,2026-06-19 23:20:07,1557,00:25:57,—
2026-06-20 09:00:04,2026-06-20 09:00:04,2026-06-20 09:58:52,3527,00:58:47,—
2026-06-20 09:00:04,2026-06-20 10:03:00,2026-06-20 10:30:18,1638,00:27:18,—
